name,label
happy/00000045.jpg,happy
happy/00000171.jpg,happy
happy/00000329.jpg,happy
happy/00000132.jpg,happy
happy/00000444.jpg,happy
happy/00000015.jpg,happy
happy/00000055.jpg,happy
happy/00000112.jpg,happy
happy/00000031.jpg,happy
happy/00000167.jpg,happy
happy/00000047.jpg,happy
happy/00000021.jpg,happy
happy/00000420.jpg,happy
happy/00000323.jpg,happy
happy/00000371.jpg,happy
happy/00000346.jpg,happy
happy/00000105.jpg,happy
happy/00000143.jpg,happy
happy/00000028.jpg,happy
happy/00000210.jpg,happy
happy/00000305.jpg,happy
happy/00000349.jpg,happy
happy/00000455.jpg,happy
happy/00000104.jpg,happy
happy/00000426.jpg,happy
happy/00000270.jpg,happy
happy/00000134.jpg,happy
happy/00000173.jpg,happy
happy/00000316.jpg,happy
happy/00000265.jpg,happy
happy/00000127.jpg,happy
happy/00000109.jpg,happy
happy/00000118.jpg,happy
happy/00000034.jpg,happy
happy/00000077.jpg,happy
happy/00000268.jpg,happy
happy/00000076.jpg,happy
happy/00000038.jpg,happy
happy/00000041.jpg,happy
happy/00000301.jpg,happy
happy/00000072.jpg,happy
happy/00000161.jpg,happy
happy/00000319.jpg,happy
happy/00000079.jpg,happy
happy/00000060.jpg,happy
happy/00000432.jpg,happy
happy/00000261.jpg,happy
happy/00000019.jpg,happy
happy/00000335.jpg,happy
happy/00000131.jpg,happy
happy/00000058.jpg,happy
happy/00000054.jpg,happy
happy/00000269.jpg,happy
happy/00000121.jpg,happy
happy/00000330.jpg,happy
happy/00000002.jpg,happy
happy/00000449.jpg,happy
happy/00000035.jpg,happy
happy/00000156.jpg,happy
happy/00000343.jpg,happy
happy/00000122.jpg,happy
happy/00000074.jpg,happy
happy/00000004.jpg,happy
happy/00000322.jpg,happy
happy/00000166.jpg,happy
happy/00000461.jpg,happy
happy/00000411.jpg,happy
happy/00000218.jpg,happy
happy/00000222.jpg,happy
happy/00000340.jpg,happy
happy/00000130.jpg,happy
happy/00000124.jpg,happy
happy/00000110.jpg,happy
happy/00000437.jpg,happy
happy/00000355.jpg,happy
happy/00000030.jpg,happy
happy/00000373.jpg,happy
happy/00000043.jpg,happy
happy/00000267.jpg,happy
happy/00000228.jpg,happy
happy/00000374.jpg,happy
happy/00000328.jpg,happy
happy/00000013.jpg,happy
happy/00000266.jpg,happy
happy/00000436.jpg,happy
happy/00000168.jpg,happy
happy/00000116.jpg,happy
happy/00000057.jpg,happy
happy/00000223.jpg,happy
happy/00000257.jpg,happy
happy/00000204.jpg,happy
happy/00000067.jpg,happy
happy/00000221.jpg,happy
happy/00000020.jpg,happy
happy/00000032.jpg,happy
happy/00000159.jpg,happy
happy/00000430.jpg,happy
happy/00000039.jpg,happy
happy/00000157.jpg,happy
happy/00000101.jpg,happy
happy/00000236.jpg,happy
happy/00000053.jpg,happy
happy/00000108.jpg,happy
happy/00000178.jpg,happy
happy/00000115.jpg,happy
happy/00000046.jpg,happy
happy/00000078.jpg,happy
happy/00000129.jpg,happy
happy/00000414.jpg,happy
happy/00000258.jpg,happy
happy/00000017.jpg,happy
happy/00000065.jpg,happy
happy/00000009.jpg,happy
happy/00000150.jpg,happy
happy/00000234.jpg,happy
happy/00000244.jpg,happy
happy/00000155.jpg,happy
happy/00000209.jpg,happy
happy/00000225.jpg,happy
happy/00000306.jpg,happy
happy/00000142.jpg,happy
happy/00000464.jpg,happy
happy/00000018.jpg,happy
happy/00000456.jpg,happy
happy/00000073.jpg,happy
happy/00000062.jpg,happy
happy/00000213.jpg,happy
happy/00000275.jpg,happy
happy/00000377.jpg,happy
happy/00000333.jpg,happy
happy/00000326.jpg,happy
happy/00000172.jpg,happy
happy/00000000.jpg,happy
happy/00000147.jpg,happy
happy/00000001.jpg,happy
happy/00000478.jpg,happy
happy/00000232.jpg,happy
happy/00000206.jpg,happy
happy/00000341.jpg,happy
happy/00000010.jpg,happy
happy/00000069.jpg,happy
happy/00000006.jpg,happy
happy/00000233.jpg,happy
happy/00000148.jpg,happy
happy/00000211.jpg,happy
happy/00000012.jpg,happy
happy/00000243.jpg,happy
happy/00000125.jpg,happy
happy/00000462.jpg,happy
happy/00000146.jpg,happy
happy/00000212.jpg,happy
happy/00000063.jpg,happy
happy/00000415.jpg,happy
happy/00000169.jpg,happy
happy/00000007.jpg,happy
happy/00000423.jpg,happy
happy/00000165.jpg,happy
happy/00000207.jpg,happy
happy/00000370.jpg,happy
happy/00000070.jpg,happy
happy/00000241.jpg,happy
happy/00000066.jpg,happy
happy/00000016.jpg,happy
happy/00000214.jpg,happy
happy/00000242.jpg,happy
happy/00000334.jpg,happy
happy/00000176.jpg,happy
happy/00000026.jpg,happy
happy/00000024.jpg,happy
happy/00000427.jpg,happy
happy/00000469.jpg,happy
happy/00000119.jpg,happy
happy/00000102.jpg,happy
happy/00000428.jpg,happy
happy/00000475.jpg,happy
happy/00000358.jpg,happy
happy/00000071.jpg,happy
happy/00000145.jpg,happy
happy/00000103.jpg,happy
happy/00000416.jpg,happy
happy/00000160.jpg,happy
happy/00000059.jpg,happy
happy/00000014.jpg,happy
happy/00000220.jpg,happy
happy/00000064.jpg,happy
happy/00000362.jpg,happy
happy/00000359.jpg,happy
happy/00000279.jpg,happy
happy/00000408.jpg,happy
happy/00000442.jpg,happy
happy/00000448.jpg,happy
happy/00000235.jpg,happy
happy/00000417.jpg,happy
happy/00000025.jpg,happy
happy/00000202.jpg,happy
happy/00000005.jpg,happy
happy/00000413.jpg,happy
happy/00000260.jpg,happy
sad/00000045.jpg,sad
sad/00000272.jpg,sad
sad/00000247.jpg,sad
sad/00000171.jpg,sad
sad/00000048.jpg,sad
sad/00000329.jpg,sad
sad/00000179.jpg,sad
sad/00000015.jpg,sad
sad/00000055.jpg,sad
sad/00000112.jpg,sad
sad/00000031.jpg,sad
sad/00000327.jpg,sad
sad/00000318.jpg,sad
sad/00000167.jpg,sad
sad/00000021.jpg,sad
sad/00000277.jpg,sad
sad/00000323.jpg,sad
sad/00000371.jpg,sad
sad/00000332.jpg,sad
sad/00000105.jpg,sad
sad/00000143.jpg,sad
sad/00000300.jpg,sad
sad/00000028.jpg,sad
sad/00000210.jpg,sad
sad/00000120.jpg,sad
sad/00000342.jpg,sad
sad/00000107.jpg,sad
sad/00000104.jpg,sad
sad/00000365.jpg,sad
sad/00000162.jpg,sad
sad/00000270.jpg,sad
sad/00000331.jpg,sad
sad/00000134.jpg,sad
sad/00000173.jpg,sad
sad/00000316.jpg,sad
sad/00000265.jpg,sad
sad/00000216.jpg,sad
sad/00000231.jpg,sad
sad/00000366.jpg,sad
sad/00000238.jpg,sad
sad/00000127.jpg,sad
sad/00000109.jpg,sad
sad/00000118.jpg,sad
sad/00000034.jpg,sad
sad/00000226.jpg,sad
sad/00000003.jpg,sad
sad/00000255.jpg,sad
sad/00000038.jpg,sad
sad/00000256.jpg,sad
sad/00000041.jpg,sad
sad/00000217.jpg,sad
sad/00000324.jpg,sad
sad/00000301.jpg,sad
sad/00000072.jpg,sad
sad/00000164.jpg,sad
sad/00000215.jpg,sad
sad/00000161.jpg,sad
sad/00000319.jpg,sad
sad/00000079.jpg,sad
sad/00000254.jpg,sad
sad/00000261.jpg,sad
sad/00000019.jpg,sad
sad/00000335.jpg,sad
sad/00000131.jpg,sad
sad/00000054.jpg,sad
sad/00000276.jpg,sad
sad/00000227.jpg,sad
sad/00000037.jpg,sad
sad/00000052.jpg,sad
sad/00000269.jpg,sad
sad/00000317.jpg,sad
sad/00000224.jpg,sad
sad/00000177.jpg,sad
sad/00000121.jpg,sad
sad/00000002.jpg,sad
sad/00000035.jpg,sad
sad/00000156.jpg,sad
sad/00000259.jpg,sad
sad/00000361.jpg,sad
sad/00000320.jpg,sad
sad/00000351.jpg,sad
sad/00000239.jpg,sad
sad/00000343.jpg,sad
sad/00000122.jpg,sad
sad/00000004.jpg,sad
sad/00000322.jpg,sad
sad/00000315.jpg,sad
sad/00000166.jpg,sad
sad/00000200.jpg,sad
sad/00000218.jpg,sad
sad/00000222.jpg,sad
sad/00000340.jpg,sad
sad/00000130.jpg,sad
sad/00000229.jpg,sad
sad/00000203.jpg,sad
sad/00000138.jpg,sad
sad/00000124.jpg,sad
sad/00000110.jpg,sad
sad/00000375.jpg,sad
sad/00000350.jpg,sad
sad/00000030.jpg,sad
sad/00000061.jpg,sad
sad/00000373.jpg,sad
sad/00000008.jpg,sad
sad/00000043.jpg,sad
sad/00000267.jpg,sad
sad/00000139.jpg,sad
sad/00000228.jpg,sad
sad/00000374.jpg,sad
sad/00000106.jpg,sad
sad/00000303.jpg,sad
sad/00000013.jpg,sad
sad/00000050.jpg,sad
sad/00000163.jpg,sad
sad/00000266.jpg,sad
sad/00000100.jpg,sad
sad/00000264.jpg,sad
sad/00000369.jpg,sad
sad/00000027.jpg,sad
sad/00000168.jpg,sad
sad/00000363.jpg,sad
sad/00000116.jpg,sad
sad/00000057.jpg,sad
sad/00000223.jpg,sad
sad/00000056.jpg,sad
sad/00000251.jpg,sad
sad/00000257.jpg,sad
sad/00000204.jpg,sad
sad/00000067.jpg,sad
sad/00000221.jpg,sad
sad/00000020.jpg,sad
sad/00000032.jpg,sad
sad/00000159.jpg,sad
sad/00000368.jpg,sad
sad/00000364.jpg,sad
sad/00000039.jpg,sad
sad/00000157.jpg,sad
sad/00000304.jpg,sad
sad/00000101.jpg,sad
sad/00000236.jpg,sad
sad/00000053.jpg,sad
sad/00000068.jpg,sad
sad/00000075.jpg,sad
sad/00000044.jpg,sad
sad/00000347.jpg,sad
sad/00000205.jpg,sad
sad/00000108.jpg,sad
sad/00000178.jpg,sad
sad/00000115.jpg,sad
sad/00000046.jpg,sad
sad/00000153.jpg,sad
sad/00000078.jpg,sad
sad/00000129.jpg,sad
sad/00000258.jpg,sad
sad/00000376.jpg,sad
sad/00000017.jpg,sad
sad/00000201.jpg,sad
sad/00000379.jpg,sad
sad/00000158.jpg,sad
sad/00000023.jpg,sad
sad/00000036.jpg,sad
sad/00000009.jpg,sad
sad/00000117.jpg,sad
sad/00000154.jpg,sad
sad/00000150.jpg,sad
sad/00000234.jpg,sad
sad/00000244.jpg,sad
sad/00000155.jpg,sad
sad/00000209.jpg,sad
sad/00000141.jpg,sad
sad/00000151.jpg,sad
sad/00000137.jpg,sad
sad/00000225.jpg,sad
sad/00000306.jpg,sad
sad/00000142.jpg,sad
sad/00000339.jpg,sad
sad/00000144.jpg,sad
sad/00000018.jpg,sad
sad/00000314.jpg,sad
sad/00000062.jpg,sad
sad/00000128.jpg,sad
sad/00000353.jpg,sad
sad/00000213.jpg,sad
sad/00000275.jpg,sad
sad/00000309.jpg,sad
sad/00000040.jpg,sad
sad/00000333.jpg,sad
sad/00000326.jpg,sad
sad/00000172.jpg,sad
sad/00000338.jpg,sad
sad/00000337.jpg,sad
sad/00000000.jpg,sad
sad/00000147.jpg,sad
sad/00000001.jpg,sad
sad/00000312.jpg,sad
sad/00000232.jpg,sad
sad/00000372.jpg,sad
sad/00000341.jpg,sad
sad/00000344.jpg,sad
sad/00000230.jpg,sad
sad/00000325.jpg,sad
sad/00000010.jpg,sad
sad/00000069.jpg,sad
sad/00000006.jpg,sad
sad/00000051.jpg,sad
sad/00000233.jpg,sad
sad/00000174.jpg,sad
sad/00000149.jpg,sad
sad/00000148.jpg,sad
sad/00000211.jpg,sad
sad/00000113.jpg,sad
sad/00000012.jpg,sad
sad/00000243.jpg,sad
sad/00000274.jpg,sad
sad/00000125.jpg,sad
sad/00000348.jpg,sad
sad/00000345.jpg,sad
sad/00000042.jpg,sad
sad/00000063.jpg,sad
sad/00000169.jpg,sad
sad/00000336.jpg,sad
sad/00000007.jpg,sad
sad/00000165.jpg,sad
sad/00000370.jpg,sad
sad/00000140.jpg,sad
sad/00000011.jpg,sad
sad/00000066.jpg,sad
sad/00000016.jpg,sad
sad/00000214.jpg,sad
sad/00000278.jpg,sad
sad/00000237.jpg,sad
sad/00000170.jpg,sad
sad/00000334.jpg,sad
sad/00000310.jpg,sad
sad/00000133.jpg,sad
sad/00000176.jpg,sad
sad/00000026.jpg,sad
sad/00000024.jpg,sad
sad/00000360.jpg,sad
sad/00000119.jpg,sad
sad/00000102.jpg,sad
sad/00000302.jpg,sad
sad/00000135.jpg,sad
sad/00000358.jpg,sad
sad/00000071.jpg,sad
sad/00000136.jpg,sad
sad/00000123.jpg,sad
sad/00000033.jpg,sad
sad/00000311.jpg,sad
sad/00000245.jpg,sad
sad/00000145.jpg,sad
sad/00000103.jpg,sad
sad/00000160.jpg,sad
sad/00000252.jpg,sad
sad/00000248.jpg,sad
sad/00000059.jpg,sad
sad/00000114.jpg,sad
sad/00000014.jpg,sad
sad/00000064.jpg,sad
sad/00000359.jpg,sad
sad/00000249.jpg,sad
sad/00000049.jpg,sad
sad/00000235.jpg,sad
sad/00000025.jpg,sad
sad/00000111.jpg,sad
sad/00000202.jpg,sad
sad/00000005.jpg,sad
sad/00000271.jpg,sad
happy/00000147.jpg,sad
